*sample_name	host	replicate	description	*geo_loc_name	*collection_date	sample_title	*organism	isolation_source	*lat_lon	Sampling site
AS208	Garra nana	biological replicate 1	16 rRNA V4 metabarcoding sample of Garra nana Fish skin swab collected from Israel:Jordan River, North of Sea of Galilee	Israel:Jordan River, North of Sea of Galilee	2-Nov-2017	16 rRNA V4 metabarcoding sample of Garra nana Fish skin swab collected from Israel:Jordan River, North of Sea of Galilee	Bacteria	Fish skin swab	33.1232 N 35.5920 E	J.4
AS202	Coptodon zillii	biological replicate 1	16 rRNA V4 metabarcoding sample of Coptodon zillii Fish skin swab collected from Israel:Jordan River, North of Sea of Galilee	Israel:Jordan River, North of Sea of Galilee	2-Nov-2017	16 rRNA V4 metabarcoding sample of Coptodon zillii Fish skin swab collected from Israel:Jordan River, North of Sea of Galilee	Bacteria	Fish skin swab	33.1232 N 35.5920 E	J.4
AS203	Coptodon zillii	biological replicate 2	16 rRNA V4 metabarcoding sample of Coptodon zillii Fish skin swab collected from Israel:Jordan River, North of Sea of Galilee	Israel:Jordan River, North of Sea of Galilee	2-Nov-2017	16 rRNA V4 metabarcoding sample of Coptodon zillii Fish skin swab collected from Israel:Jordan River, North of Sea of Galilee	Bacteria	Fish skin swab	33.1232 N 35.5920 E	J.4
AS204	Coptodon zillii	biological replicate 3	16 rRNA V4 metabarcoding sample of Coptodon zillii Fish skin swab collected from Israel:Jordan River, North of Sea of Galilee	Israel:Jordan River, North of Sea of Galilee	2-Nov-2017	16 rRNA V4 metabarcoding sample of Coptodon zillii Fish skin swab collected from Israel:Jordan River, North of Sea of Galilee	Bacteria	Fish skin swab	33.1232 N 35.5920 E	J.4
AS205	Coptodon zillii	biological replicate 4	16 rRNA V4 metabarcoding sample of Coptodon zillii Fish skin swab collected from Israel:Jordan River, North of Sea of Galilee	Israel:Jordan River, North of Sea of Galilee	2-Nov-2017	16 rRNA V4 metabarcoding sample of Coptodon zillii Fish skin swab collected from Israel:Jordan River, North of Sea of Galilee	Bacteria	Fish skin swab	33.1232 N 35.5920 E	J.4
AS207	Pseudophoxinus kervillei	biological replicate 1	16 rRNA V4 metabarcoding sample of Pseudophoxinus kervillei Fish skin swab collected from Israel:Jordan River, North of Sea of Galilee	Israel:Jordan River, North of Sea of Galilee	2-Nov-2017	16 rRNA V4 metabarcoding sample of Pseudophoxinus kervillei Fish skin swab collected from Israel:Jordan River, North of Sea of Galilee	Bacteria	Fish skin swab	33.1232 N 35.5920 E	J.4
AS206	Acanthobrama lissneri	biological replicate 1	16 rRNA V4 metabarcoding sample of Acanthobrama lissneri Fish skin swab collected from Israel:Jordan River, North of Sea of Galilee	Israel:Jordan River, North of Sea of Galilee	2-Nov-2017	16 rRNA V4 metabarcoding sample of Acanthobrama lissneri Fish skin swab collected from Israel:Jordan River, North of Sea of Galilee	Bacteria	Fish skin swab	33.1232 N 35.5920 E	J.4
AS75	Oreochromis	biological replicate 1	16 rRNA V4 metabarcoding sample of Oreochromis Fish skin swab collected from Israel:Asi Stream	Israel:Asi Stream	14-Aug-2017	16 rRNA V4 metabarcoding sample of Oreochromis Fish skin swab collected from Israel:Asi Stream	Bacteria	Fish skin swab	32.5014 N 35.4610 E	A
AS89	Coptodon zillii	biological replicate 1	16 rRNA V4 metabarcoding sample of Coptodon zillii Fish skin swab collected from Israel:Asi Stream	Israel:Asi Stream	14-Aug-2017	16 rRNA V4 metabarcoding sample of Coptodon zillii Fish skin swab collected from Israel:Asi Stream	Bacteria	Fish skin swab	32.5014 N 35.4610 E	A
AS90	Coptodon zillii	biological replicate 2	16 rRNA V4 metabarcoding sample of Coptodon zillii Fish skin swab collected from Israel:Asi Stream	Israel:Asi Stream	14-Aug-2017	16 rRNA V4 metabarcoding sample of Coptodon zillii Fish skin swab collected from Israel:Asi Stream	Bacteria	Fish skin swab	32.5014 N 35.4610 E	A
AS91	Coptodon zillii	biological replicate 3	16 rRNA V4 metabarcoding sample of Coptodon zillii Fish skin swab collected from Israel:Asi Stream	Israel:Asi Stream	14-Aug-2017	16 rRNA V4 metabarcoding sample of Coptodon zillii Fish skin swab collected from Israel:Asi Stream	Bacteria	Fish skin swab	32.5014 N 35.4610 E	A
AS92	Coptodon zillii	biological replicate 4	16 rRNA V4 metabarcoding sample of Coptodon zillii Fish skin swab collected from Israel:Asi Stream	Israel:Asi Stream	14-Aug-2017	16 rRNA V4 metabarcoding sample of Coptodon zillii Fish skin swab collected from Israel:Asi Stream	Bacteria	Fish skin swab	32.5014 N 35.4610 E	A
AS93	Coptodon zillii	biological replicate 5	16 rRNA V4 metabarcoding sample of Coptodon zillii Fish skin swab collected from Israel:Asi Stream	Israel:Asi Stream	14-Aug-2017	16 rRNA V4 metabarcoding sample of Coptodon zillii Fish skin swab collected from Israel:Asi Stream	Bacteria	Fish skin swab	32.5014 N 35.4610 E	A
AS82	Astatotilapia flaviijosephi	biological replicate 1	16 rRNA V4 metabarcoding sample of Astatotilapia flaviijosephi Fish skin swab collected from Israel:Asi Stream	Israel:Asi Stream	14-Aug-2017	16 rRNA V4 metabarcoding sample of Astatotilapia flaviijosephi Fish skin swab collected from Israel:Asi Stream	Bacteria	Fish skin swab	32.5014 N 35.4610 E	A
AS83	Astatotilapia flaviijosephi	biological replicate 2	16 rRNA V4 metabarcoding sample of Astatotilapia flaviijosephi Fish skin swab collected from Israel:Asi Stream	Israel:Asi Stream	14-Aug-2017	16 rRNA V4 metabarcoding sample of Astatotilapia flaviijosephi Fish skin swab collected from Israel:Asi Stream	Bacteria	Fish skin swab	32.5014 N 35.4610 E	A
AS84	Astatotilapia flaviijosephi	biological replicate 3	16 rRNA V4 metabarcoding sample of Astatotilapia flaviijosephi Fish skin swab collected from Israel:Asi Stream	Israel:Asi Stream	14-Aug-2017	16 rRNA V4 metabarcoding sample of Astatotilapia flaviijosephi Fish skin swab collected from Israel:Asi Stream	Bacteria	Fish skin swab	32.5014 N 35.4610 E	A
AS74	Gambusia affinis	biological replicate 1	16 rRNA V4 metabarcoding sample of Gambusia affinis Fish skin swab collected from Israel:Asi Stream	Israel:Asi Stream	14-Aug-2017	16 rRNA V4 metabarcoding sample of Gambusia affinis Fish skin swab collected from Israel:Asi Stream	Bacteria	Fish skin swab	32.5014 N 35.4610 E	A
AS79	Mugil liza	biological replicate 1	16 rRNA V4 metabarcoding sample of Mugil liza Fish skin swab collected from Israel:Asi Stream	Israel:Asi Stream	14-Aug-2017	16 rRNA V4 metabarcoding sample of Mugil liza Fish skin swab collected from Israel:Asi Stream	Bacteria	Fish skin swab	32.5014 N 35.4610 E	A
AS80	Mugil liza	biological replicate 2	16 rRNA V4 metabarcoding sample of Mugil liza Fish skin swab collected from Israel:Asi Stream	Israel:Asi Stream	14-Aug-2017	16 rRNA V4 metabarcoding sample of Mugil liza Fish skin swab collected from Israel:Asi Stream	Bacteria	Fish skin swab	32.5014 N 35.4610 E	A
AS81	Mugil liza	biological replicate 3	16 rRNA V4 metabarcoding sample of Mugil liza Fish skin swab collected from Israel:Asi Stream	Israel:Asi Stream	14-Aug-2017	16 rRNA V4 metabarcoding sample of Mugil liza Fish skin swab collected from Israel:Asi Stream	Bacteria	Fish skin swab	32.5014 N 35.4610 E	A
AS85	Sarotherodon  galilaeus	biological replicate 1	16 rRNA V4 metabarcoding sample of Sarotherodon  galilaeus Fish skin swab collected from Israel:Asi Stream	Israel:Asi Stream	14-Aug-2017	16 rRNA V4 metabarcoding sample of Sarotherodon  galilaeus Fish skin swab collected from Israel:Asi Stream	Bacteria	Fish skin swab	32.5014 N 35.4610 E	A
AS86	Sarotherodon  galilaeus	biological replicate 2	16 rRNA V4 metabarcoding sample of Sarotherodon  galilaeus Fish skin swab collected from Israel:Asi Stream	Israel:Asi Stream	14-Aug-2017	16 rRNA V4 metabarcoding sample of Sarotherodon  galilaeus Fish skin swab collected from Israel:Asi Stream	Bacteria	Fish skin swab	32.5014 N 35.4610 E	A
AS87	Sarotherodon  galilaeus	biological replicate 3	16 rRNA V4 metabarcoding sample of Sarotherodon  galilaeus Fish skin swab collected from Israel:Asi Stream	Israel:Asi Stream	14-Aug-2017	16 rRNA V4 metabarcoding sample of Sarotherodon  galilaeus Fish skin swab collected from Israel:Asi Stream	Bacteria	Fish skin swab	32.5014 N 35.4610 E	A
AS88	Sarotherodon  galilaeus	biological replicate 4	16 rRNA V4 metabarcoding sample of Sarotherodon  galilaeus Fish skin swab collected from Israel:Asi Stream	Israel:Asi Stream	14-Aug-2017	16 rRNA V4 metabarcoding sample of Sarotherodon  galilaeus Fish skin swab collected from Israel:Asi Stream	Bacteria	Fish skin swab	32.5014 N 35.4610 E	A
AS76	Cichlidae	biological replicate 1	16 rRNA V4 metabarcoding sample of Cichlidae Fish skin swab collected from Israel:Asi Stream	Israel:Asi Stream	14-Aug-2017	16 rRNA V4 metabarcoding sample of Cichlidae Fish skin swab collected from Israel:Asi Stream	Bacteria	Fish skin swab	32.5014 N 35.4610 E	A
AS77	Cichlidae	biological replicate 2	16 rRNA V4 metabarcoding sample of Cichlidae Fish skin swab collected from Israel:Asi Stream	Israel:Asi Stream	14-Aug-2017	16 rRNA V4 metabarcoding sample of Cichlidae Fish skin swab collected from Israel:Asi Stream	Bacteria	Fish skin swab	32.5014 N 35.4610 E	A
AS78	Cichlidae	biological replicate 3	16 rRNA V4 metabarcoding sample of Cichlidae Fish skin swab collected from Israel:Asi Stream	Israel:Asi Stream	14-Aug-2017	16 rRNA V4 metabarcoding sample of Cichlidae Fish skin swab collected from Israel:Asi Stream	Bacteria	Fish skin swab	32.5014 N 35.4610 E	A
AS96BC16			16 rRNA V4 metabarcoding sample of  Water collected from Israel:Asi Stream	Israel:Asi Stream	14-Aug-2017	16 rRNA V4 metabarcoding sample of  Water collected from Israel:Asi Stream	Bacteria	Water	32.5014 N 35.4610 E	A
AS98	Capoeta damascina	biological replicate 1	16 rRNA V4 metabarcoding sample of Capoeta damascina Fish skin swab collected from Israel:Hermon Stream	Israel:Hermon Stream	31-Aug-2017	16 rRNA V4 metabarcoding sample of Capoeta damascina Fish skin swab collected from Israel:Hermon Stream	Bacteria	Fish skin swab	33.2402 N 35.6803 E	H.0.5
AS99	Capoeta damascina	biological replicate 2	16 rRNA V4 metabarcoding sample of Capoeta damascina Fish skin swab collected from Israel:Hermon Stream	Israel:Hermon Stream	31-Aug-2017	16 rRNA V4 metabarcoding sample of Capoeta damascina Fish skin swab collected from Israel:Hermon Stream	Bacteria	Fish skin swab	33.2402 N 35.6803 E	H.0.5
AS100	Capoeta damascina	biological replicate 3	16 rRNA V4 metabarcoding sample of Capoeta damascina Fish skin swab collected from Israel:Hermon Stream	Israel:Hermon Stream	31-Aug-2017	16 rRNA V4 metabarcoding sample of Capoeta damascina Fish skin swab collected from Israel:Hermon Stream	Bacteria	Fish skin swab	33.2402 N 35.6803 E	H.0.5
AS110	Capoeta damascina	biological replicate 1	16 rRNA V4 metabarcoding sample of Capoeta damascina Fish skin swab collected from Israel:Hermon Stream	Israel:Hermon Stream	31-Aug-2017	16 rRNA V4 metabarcoding sample of Capoeta damascina Fish skin swab collected from Israel:Hermon Stream	Bacteria	Fish skin swab	33.2477 N 35.6926 E	H.0.2
AS111	Capoeta damascina	biological replicate 2	16 rRNA V4 metabarcoding sample of Capoeta damascina Fish skin swab collected from Israel:Hermon Stream	Israel:Hermon Stream	31-Aug-2017	16 rRNA V4 metabarcoding sample of Capoeta damascina Fish skin swab collected from Israel:Hermon Stream	Bacteria	Fish skin swab	33.2477 N 35.6926 E	H.0.2
AS112	Capoeta damascina	biological replicate 3	16 rRNA V4 metabarcoding sample of Capoeta damascina Fish skin swab collected from Israel:Hermon Stream	Israel:Hermon Stream	31-Aug-2017	16 rRNA V4 metabarcoding sample of Capoeta damascina Fish skin swab collected from Israel:Hermon Stream	Bacteria	Fish skin swab	33.2477 N 35.6926 E	H.0.2
AS113	Capoeta damascina	biological replicate 4	16 rRNA V4 metabarcoding sample of Capoeta damascina Fish skin swab collected from Israel:Hermon Stream	Israel:Hermon Stream	31-Aug-2017	16 rRNA V4 metabarcoding sample of Capoeta damascina Fish skin swab collected from Israel:Hermon Stream	Bacteria	Fish skin swab	33.2477 N 35.6926 E	H.0.2
AS114	Oxynoemacheilus insignis	biological replicate 1	16 rRNA V4 metabarcoding sample of Oxynoemacheilus insignis Fish skin swab collected from Israel:Hermon Stream	Israel:Hermon Stream	31-Aug-2017	16 rRNA V4 metabarcoding sample of Oxynoemacheilus insignis Fish skin swab collected from Israel:Hermon Stream	Bacteria	Fish skin swab	33.2477 N 35.6926 E	H.0.2
AS115	Oxynoemacheilus insignis	biological replicate 2	16 rRNA V4 metabarcoding sample of Oxynoemacheilus insignis Fish skin swab collected from Israel:Hermon Stream	Israel:Hermon Stream	31-Aug-2017	16 rRNA V4 metabarcoding sample of Oxynoemacheilus insignis Fish skin swab collected from Israel:Hermon Stream	Bacteria	Fish skin swab	33.2477 N 35.6926 E	H.0.2
AS116	Oxynoemacheilus insignis	biological replicate 3	16 rRNA V4 metabarcoding sample of Oxynoemacheilus insignis Fish skin swab collected from Israel:Hermon Stream	Israel:Hermon Stream	31-Aug-2017	16 rRNA V4 metabarcoding sample of Oxynoemacheilus insignis Fish skin swab collected from Israel:Hermon Stream	Bacteria	Fish skin swab	33.2477 N 35.6926 E	H.0.2
AS117	Oxynoemacheilus insignis	biological replicate 4	16 rRNA V4 metabarcoding sample of Oxynoemacheilus insignis Fish skin swab collected from Israel:Hermon Stream	Israel:Hermon Stream	31-Aug-2017	16 rRNA V4 metabarcoding sample of Oxynoemacheilus insignis Fish skin swab collected from Israel:Hermon Stream	Bacteria	Fish skin swab	33.2477 N 35.6926 E	H.0.2
AS105	Capoeta damascina	biological replicate 1	16 rRNA V4 metabarcoding sample of Capoeta damascina Fish skin swab collected from Israel:Hermon Stream	Israel:Hermon Stream	31-Aug-2017	16 rRNA V4 metabarcoding sample of Capoeta damascina Fish skin swab collected from Israel:Hermon Stream	Bacteria	Fish skin swab	33.2481 N 35.6938 E	H.0.1
AS106	Capoeta damascina	biological replicate 2	16 rRNA V4 metabarcoding sample of Capoeta damascina Fish skin swab collected from Israel:Hermon Stream	Israel:Hermon Stream	31-Aug-2017	16 rRNA V4 metabarcoding sample of Capoeta damascina Fish skin swab collected from Israel:Hermon Stream	Bacteria	Fish skin swab	33.2481 N 35.6938 E	H.0.1
AS107	Capoeta damascina	biological replicate 3	16 rRNA V4 metabarcoding sample of Capoeta damascina Fish skin swab collected from Israel:Hermon Stream	Israel:Hermon Stream	31-Aug-2017	16 rRNA V4 metabarcoding sample of Capoeta damascina Fish skin swab collected from Israel:Hermon Stream	Bacteria	Fish skin swab	33.2481 N 35.6938 E	H.0.1
AS108	Capoeta damascina	biological replicate 4	16 rRNA V4 metabarcoding sample of Capoeta damascina Fish skin swab collected from Israel:Hermon Stream	Israel:Hermon Stream	31-Aug-2017	16 rRNA V4 metabarcoding sample of Capoeta damascina Fish skin swab collected from Israel:Hermon Stream	Bacteria	Fish skin swab	33.2481 N 35.6938 E	H.0.1
AS101	Oxynoemacheilus insignis	biological replicate 1	16 rRNA V4 metabarcoding sample of Oxynoemacheilus insignis Fish skin swab collected from Israel:Hermon Stream	Israel:Hermon Stream	31-Aug-2017	16 rRNA V4 metabarcoding sample of Oxynoemacheilus insignis Fish skin swab collected from Israel:Hermon Stream	Bacteria	Fish skin swab	33.2481 N 35.6938 E	H.0.1
AS102	Oxynoemacheilus insignis	biological replicate 2	16 rRNA V4 metabarcoding sample of Oxynoemacheilus insignis Fish skin swab collected from Israel:Hermon Stream	Israel:Hermon Stream	31-Aug-2017	16 rRNA V4 metabarcoding sample of Oxynoemacheilus insignis Fish skin swab collected from Israel:Hermon Stream	Bacteria	Fish skin swab	33.2481 N 35.6938 E	H.0.1
AS103	Oxynoemacheilus insignis	biological replicate 3	16 rRNA V4 metabarcoding sample of Oxynoemacheilus insignis Fish skin swab collected from Israel:Hermon Stream	Israel:Hermon Stream	31-Aug-2017	16 rRNA V4 metabarcoding sample of Oxynoemacheilus insignis Fish skin swab collected from Israel:Hermon Stream	Bacteria	Fish skin swab	33.2481 N 35.6938 E	H.0.1
AS104	Oxynoemacheilus insignis	biological replicate 4	16 rRNA V4 metabarcoding sample of Oxynoemacheilus insignis Fish skin swab collected from Israel:Hermon Stream	Israel:Hermon Stream	31-Aug-2017	16 rRNA V4 metabarcoding sample of Oxynoemacheilus insignis Fish skin swab collected from Israel:Hermon Stream	Bacteria	Fish skin swab	33.2481 N 35.6938 E	H.0.1
AS109BC18			16 rRNA V4 metabarcoding sample of  Water collected from Israel:Hermon Stream	Israel:Hermon Stream	31-Aug-2017	16 rRNA V4 metabarcoding sample of  Water collected from Israel:Hermon Stream	Bacteria	Water	33.2481 N 35.6938 E	H.0.1
AS237	Coptodon zillii	biological replicate 1	16 rRNA V4 metabarcoding sample of Coptodon zillii Fish skin swab collected from Israel:Jordan River, North of Sea of Galilee	Israel:Jordan River, North of Sea of Galilee	2-Nov-2017	16 rRNA V4 metabarcoding sample of Coptodon zillii Fish skin swab collected from Israel:Jordan River, North of Sea of Galilee	Bacteria	Fish skin swab	33.1697 N 35.5712 E	J.3
AS238	Coptodon zillii	biological replicate 2	16 rRNA V4 metabarcoding sample of Coptodon zillii Fish skin swab collected from Israel:Jordan River, North of Sea of Galilee	Israel:Jordan River, North of Sea of Galilee	2-Nov-2017	16 rRNA V4 metabarcoding sample of Coptodon zillii Fish skin swab collected from Israel:Jordan River, North of Sea of Galilee	Bacteria	Fish skin swab	33.1697 N 35.5712 E	J.3
AS239	Coptodon zillii	biological replicate 3	16 rRNA V4 metabarcoding sample of Coptodon zillii Fish skin swab collected from Israel:Jordan River, North of Sea of Galilee	Israel:Jordan River, North of Sea of Galilee	2-Nov-2017	16 rRNA V4 metabarcoding sample of Coptodon zillii Fish skin swab collected from Israel:Jordan River, North of Sea of Galilee	Bacteria	Fish skin swab	33.1697 N 35.5712 E	J.3
AS240	Coptodon zillii	biological replicate 4	16 rRNA V4 metabarcoding sample of Coptodon zillii Fish skin swab collected from Israel:Jordan River, North of Sea of Galilee	Israel:Jordan River, North of Sea of Galilee	2-Nov-2017	16 rRNA V4 metabarcoding sample of Coptodon zillii Fish skin swab collected from Israel:Jordan River, North of Sea of Galilee	Bacteria	Fish skin swab	33.1697 N 35.5712 E	J.3
AS244	Pseudophoxinus kervillei	biological replicate 1	16 rRNA V4 metabarcoding sample of Pseudophoxinus kervillei Fish skin swab collected from Israel:Jordan River, North of Sea of Galilee	Israel:Jordan River, North of Sea of Galilee	2-Nov-2017	16 rRNA V4 metabarcoding sample of Pseudophoxinus kervillei Fish skin swab collected from Israel:Jordan River, North of Sea of Galilee	Bacteria	Fish skin swab	33.1697 N 35.5712 E	J.3
AS245	Pseudophoxinus kervillei	biological replicate 2	16 rRNA V4 metabarcoding sample of Pseudophoxinus kervillei Fish skin swab collected from Israel:Jordan River, North of Sea of Galilee	Israel:Jordan River, North of Sea of Galilee	2-Nov-2017	16 rRNA V4 metabarcoding sample of Pseudophoxinus kervillei Fish skin swab collected from Israel:Jordan River, North of Sea of Galilee	Bacteria	Fish skin swab	33.1697 N 35.5712 E	J.3
AS246	Pseudophoxinus kervillei	biological replicate 3	16 rRNA V4 metabarcoding sample of Pseudophoxinus kervillei Fish skin swab collected from Israel:Jordan River, North of Sea of Galilee	Israel:Jordan River, North of Sea of Galilee	2-Nov-2017	16 rRNA V4 metabarcoding sample of Pseudophoxinus kervillei Fish skin swab collected from Israel:Jordan River, North of Sea of Galilee	Bacteria	Fish skin swab	33.1697 N 35.5712 E	J.3
AS247	Pseudophoxinus kervillei	biological replicate 4	16 rRNA V4 metabarcoding sample of Pseudophoxinus kervillei Fish skin swab collected from Israel:Jordan River, North of Sea of Galilee	Israel:Jordan River, North of Sea of Galilee	2-Nov-2017	16 rRNA V4 metabarcoding sample of Pseudophoxinus kervillei Fish skin swab collected from Israel:Jordan River, North of Sea of Galilee	Bacteria	Fish skin swab	33.1697 N 35.5712 E	J.3
AS241	Sarotherodon  galilaeus	biological replicate 1	16 rRNA V4 metabarcoding sample of Sarotherodon  galilaeus Fish skin swab collected from Israel:Jordan River, North of Sea of Galilee	Israel:Jordan River, North of Sea of Galilee	2-Nov-2017	16 rRNA V4 metabarcoding sample of Sarotherodon  galilaeus Fish skin swab collected from Israel:Jordan River, North of Sea of Galilee	Bacteria	Fish skin swab	33.1697 N 35.5712 E	J.3
AS242	Sarotherodon  galilaeus	biological replicate 2	16 rRNA V4 metabarcoding sample of Sarotherodon  galilaeus Fish skin swab collected from Israel:Jordan River, North of Sea of Galilee	Israel:Jordan River, North of Sea of Galilee	2-Nov-2017	16 rRNA V4 metabarcoding sample of Sarotherodon  galilaeus Fish skin swab collected from Israel:Jordan River, North of Sea of Galilee	Bacteria	Fish skin swab	33.1697 N 35.5712 E	J.3
AS243	Sarotherodon  galilaeus	biological replicate 3	16 rRNA V4 metabarcoding sample of Sarotherodon  galilaeus Fish skin swab collected from Israel:Jordan River, North of Sea of Galilee	Israel:Jordan River, North of Sea of Galilee	2-Nov-2017	16 rRNA V4 metabarcoding sample of Sarotherodon  galilaeus Fish skin swab collected from Israel:Jordan River, North of Sea of Galilee	Bacteria	Fish skin swab	33.1697 N 35.5712 E	J.3
AS248	Cichlidae	biological replicate 1	16 rRNA V4 metabarcoding sample of Cichlidae Fish skin swab collected from Israel:Jordan River, North of Sea of Galilee	Israel:Jordan River, North of Sea of Galilee	2-Nov-2017	16 rRNA V4 metabarcoding sample of Cichlidae Fish skin swab collected from Israel:Jordan River, North of Sea of Galilee	Bacteria	Fish skin swab	33.1697 N 35.5712 E	J.3
AS249	Cichlidae	biological replicate 2	16 rRNA V4 metabarcoding sample of Cichlidae Fish skin swab collected from Israel:Jordan River, North of Sea of Galilee	Israel:Jordan River, North of Sea of Galilee	2-Nov-2017	16 rRNA V4 metabarcoding sample of Cichlidae Fish skin swab collected from Israel:Jordan River, North of Sea of Galilee	Bacteria	Fish skin swab	33.1697 N 35.5712 E	J.3
AS232	Capoeta damascina	biological replicate 1	16 rRNA V4 metabarcoding sample of Capoeta damascina Fish skin swab collected from Israel:Jordan River, North of Sea of Galilee	Israel:Jordan River, North of Sea of Galilee	2-Nov-2017	16 rRNA V4 metabarcoding sample of Capoeta damascina Fish skin swab collected from Israel:Jordan River, North of Sea of Galilee	Bacteria	Fish skin swab	33.1890 N 35.6179 E	J.2
AS233	Capoeta damascina	biological replicate 2	16 rRNA V4 metabarcoding sample of Capoeta damascina Fish skin swab collected from Israel:Jordan River, North of Sea of Galilee	Israel:Jordan River, North of Sea of Galilee	2-Nov-2017	16 rRNA V4 metabarcoding sample of Capoeta damascina Fish skin swab collected from Israel:Jordan River, North of Sea of Galilee	Bacteria	Fish skin swab	33.1890 N 35.6179 E	J.2
AS234	Capoeta damascina	biological replicate 3	16 rRNA V4 metabarcoding sample of Capoeta damascina Fish skin swab collected from Israel:Jordan River, North of Sea of Galilee	Israel:Jordan River, North of Sea of Galilee	2-Nov-2017	16 rRNA V4 metabarcoding sample of Capoeta damascina Fish skin swab collected from Israel:Jordan River, North of Sea of Galilee	Bacteria	Fish skin swab	33.1890 N 35.6179 E	J.2
AS235	Capoeta damascina	biological replicate 4	16 rRNA V4 metabarcoding sample of Capoeta damascina Fish skin swab collected from Israel:Jordan River, North of Sea of Galilee	Israel:Jordan River, North of Sea of Galilee	2-Nov-2017	16 rRNA V4 metabarcoding sample of Capoeta damascina Fish skin swab collected from Israel:Jordan River, North of Sea of Galilee	Bacteria	Fish skin swab	33.1890 N 35.6179 E	J.2
AS236	Capoeta damascina	biological replicate 5	16 rRNA V4 metabarcoding sample of Capoeta damascina Fish skin swab collected from Israel:Jordan River, North of Sea of Galilee	Israel:Jordan River, North of Sea of Galilee	2-Nov-2017	16 rRNA V4 metabarcoding sample of Capoeta damascina Fish skin swab collected from Israel:Jordan River, North of Sea of Galilee	Bacteria	Fish skin swab	33.1890 N 35.6179 E	J.2
AS226	Oxynoemacheilus insignis	biological replicate 1	16 rRNA V4 metabarcoding sample of Oxynoemacheilus insignis Fish skin swab collected from Israel:Jordan River, North of Sea of Galilee	Israel:Jordan River, North of Sea of Galilee	2-Nov-2017	16 rRNA V4 metabarcoding sample of Oxynoemacheilus insignis Fish skin swab collected from Israel:Jordan River, North of Sea of Galilee	Bacteria	Fish skin swab	33.1890 N 35.6179 E	J.2
AS227	Oxynoemacheilus insignis	biological replicate 2	16 rRNA V4 metabarcoding sample of Oxynoemacheilus insignis Fish skin swab collected from Israel:Jordan River, North of Sea of Galilee	Israel:Jordan River, North of Sea of Galilee	2-Nov-2017	16 rRNA V4 metabarcoding sample of Oxynoemacheilus insignis Fish skin swab collected from Israel:Jordan River, North of Sea of Galilee	Bacteria	Fish skin swab	33.1890 N 35.6179 E	J.2
AS228	Oxynoemacheilus insignis	biological replicate 3	16 rRNA V4 metabarcoding sample of Oxynoemacheilus insignis Fish skin swab collected from Israel:Jordan River, North of Sea of Galilee	Israel:Jordan River, North of Sea of Galilee	2-Nov-2017	16 rRNA V4 metabarcoding sample of Oxynoemacheilus insignis Fish skin swab collected from Israel:Jordan River, North of Sea of Galilee	Bacteria	Fish skin swab	33.1890 N 35.6179 E	J.2
AS229	Oxynoemacheilus insignis	biological replicate 4	16 rRNA V4 metabarcoding sample of Oxynoemacheilus insignis Fish skin swab collected from Israel:Jordan River, North of Sea of Galilee	Israel:Jordan River, North of Sea of Galilee	2-Nov-2017	16 rRNA V4 metabarcoding sample of Oxynoemacheilus insignis Fish skin swab collected from Israel:Jordan River, North of Sea of Galilee	Bacteria	Fish skin swab	33.1890 N 35.6179 E	J.2
AS230	Oxynoemacheilus insignis	biological replicate 5	16 rRNA V4 metabarcoding sample of Oxynoemacheilus insignis Fish skin swab collected from Israel:Jordan River, North of Sea of Galilee	Israel:Jordan River, North of Sea of Galilee	2-Nov-2017	16 rRNA V4 metabarcoding sample of Oxynoemacheilus insignis Fish skin swab collected from Israel:Jordan River, North of Sea of Galilee	Bacteria	Fish skin swab	33.1890 N 35.6179 E	J.2
AS231	Oxynoemacheilus insignis	biological replicate 6	16 rRNA V4 metabarcoding sample of Oxynoemacheilus insignis Fish skin swab collected from Israel:Jordan River, North of Sea of Galilee	Israel:Jordan River, North of Sea of Galilee	2-Nov-2017	16 rRNA V4 metabarcoding sample of Oxynoemacheilus insignis Fish skin swab collected from Israel:Jordan River, North of Sea of Galilee	Bacteria	Fish skin swab	33.1890 N 35.6179 E	J.2
AS128	Capoeta damascina	biological replicate 1	16 rRNA V4 metabarcoding sample of Capoeta damascina Fish skin swab collected from Israel:Hermon Stream	Israel:Hermon Stream	31-Aug-2017	16 rRNA V4 metabarcoding sample of Capoeta damascina Fish skin swab collected from Israel:Hermon Stream	Bacteria	Fish skin swab	33.2457 N 35.6891 E	H.1
AS129	Capoeta damascina	biological replicate 2	16 rRNA V4 metabarcoding sample of Capoeta damascina Fish skin swab collected from Israel:Hermon Stream	Israel:Hermon Stream	31-Aug-2017	16 rRNA V4 metabarcoding sample of Capoeta damascina Fish skin swab collected from Israel:Hermon Stream	Bacteria	Fish skin swab	33.2457 N 35.6891 E	H.1
AS130	Capoeta damascina	biological replicate 3	16 rRNA V4 metabarcoding sample of Capoeta damascina Fish skin swab collected from Israel:Hermon Stream	Israel:Hermon Stream	31-Aug-2017	16 rRNA V4 metabarcoding sample of Capoeta damascina Fish skin swab collected from Israel:Hermon Stream	Bacteria	Fish skin swab	33.2457 N 35.6891 E	H.1
AS131	Capoeta damascina	biological replicate 4	16 rRNA V4 metabarcoding sample of Capoeta damascina Fish skin swab collected from Israel:Hermon Stream	Israel:Hermon Stream	31-Aug-2017	16 rRNA V4 metabarcoding sample of Capoeta damascina Fish skin swab collected from Israel:Hermon Stream	Bacteria	Fish skin swab	33.2457 N 35.6891 E	H.1
AS132	Capoeta damascina	biological replicate 5	16 rRNA V4 metabarcoding sample of Capoeta damascina Fish skin swab collected from Israel:Hermon Stream	Israel:Hermon Stream	31-Aug-2017	16 rRNA V4 metabarcoding sample of Capoeta damascina Fish skin swab collected from Israel:Hermon Stream	Bacteria	Fish skin swab	33.2457 N 35.6891 E	H.1
AS133	Capoeta damascina	biological replicate 6	16 rRNA V4 metabarcoding sample of Capoeta damascina Fish skin swab collected from Israel:Hermon Stream	Israel:Hermon Stream	31-Aug-2017	16 rRNA V4 metabarcoding sample of Capoeta damascina Fish skin swab collected from Israel:Hermon Stream	Bacteria	Fish skin swab	33.2457 N 35.6891 E	H.1
AS134	Capoeta damascina	biological replicate 7	16 rRNA V4 metabarcoding sample of Capoeta damascina Fish skin swab collected from Israel:Hermon Stream	Israel:Hermon Stream	31-Aug-2017	16 rRNA V4 metabarcoding sample of Capoeta damascina Fish skin swab collected from Israel:Hermon Stream	Bacteria	Fish skin swab	33.2457 N 35.6891 E	H.1
AS127	Garra rufa	biological replicate 1	16 rRNA V4 metabarcoding sample of Garra rufa Fish skin swab collected from Israel:Hermon Stream	Israel:Hermon Stream	31-Aug-2017	16 rRNA V4 metabarcoding sample of Garra rufa Fish skin swab collected from Israel:Hermon Stream	Bacteria	Fish skin swab	33.2457 N 35.6891 E	H.1
AS126BC20			16 rRNA V4 metabarcoding sample of  Water collected from Israel:Hermon Stream	Israel:Hermon Stream	31-Aug-2017	16 rRNA V4 metabarcoding sample of  Water collected from Israel:Hermon Stream	Bacteria	Water	33.2457 N 35.6891 E	H.1
AS214	Capoeta damascina	biological replicate 1	16 rRNA V4 metabarcoding sample of Capoeta damascina Fish skin swab collected from Israel:Jordan River, North of Sea of Galilee	Israel:Jordan River, North of Sea of Galilee	2-Nov-2017	16 rRNA V4 metabarcoding sample of Capoeta damascina Fish skin swab collected from Israel:Jordan River, North of Sea of Galilee	Bacteria	Fish skin swab	33.1470 N 35.6287 E	J.1
AS215	Capoeta damascina	biological replicate 2	16 rRNA V4 metabarcoding sample of Capoeta damascina Fish skin swab collected from Israel:Jordan River, North of Sea of Galilee	Israel:Jordan River, North of Sea of Galilee	2-Nov-2017	16 rRNA V4 metabarcoding sample of Capoeta damascina Fish skin swab collected from Israel:Jordan River, North of Sea of Galilee	Bacteria	Fish skin swab	33.1470 N 35.6287 E	J.1
AS216	Capoeta damascina	biological replicate 3	16 rRNA V4 metabarcoding sample of Capoeta damascina Fish skin swab collected from Israel:Jordan River, North of Sea of Galilee	Israel:Jordan River, North of Sea of Galilee	2-Nov-2017	16 rRNA V4 metabarcoding sample of Capoeta damascina Fish skin swab collected from Israel:Jordan River, North of Sea of Galilee	Bacteria	Fish skin swab	33.1470 N 35.6287 E	J.1
AS217	Capoeta damascina	biological replicate 4	16 rRNA V4 metabarcoding sample of Capoeta damascina Fish skin swab collected from Israel:Jordan River, North of Sea of Galilee	Israel:Jordan River, North of Sea of Galilee	2-Nov-2017	16 rRNA V4 metabarcoding sample of Capoeta damascina Fish skin swab collected from Israel:Jordan River, North of Sea of Galilee	Bacteria	Fish skin swab	33.1470 N 35.6287 E	J.1
AS210	Oreochromis aureus	biological replicate 1	16 rRNA V4 metabarcoding sample of Oreochromis aureus Fish skin swab collected from Israel:Jordan River, North of Sea of Galilee	Israel:Jordan River, North of Sea of Galilee	2-Nov-2017	16 rRNA V4 metabarcoding sample of Oreochromis aureus Fish skin swab collected from Israel:Jordan River, North of Sea of Galilee	Bacteria	Fish skin swab	33.1470 N 35.6287 E	J.1
AS211	Oreochromis aureus	biological replicate 2	16 rRNA V4 metabarcoding sample of Oreochromis aureus Fish skin swab collected from Israel:Jordan River, North of Sea of Galilee	Israel:Jordan River, North of Sea of Galilee	2-Nov-2017	16 rRNA V4 metabarcoding sample of Oreochromis aureus Fish skin swab collected from Israel:Jordan River, North of Sea of Galilee	Bacteria	Fish skin swab	33.1470 N 35.6287 E	J.1
AS212	Oreochromis aureus	biological replicate 3	16 rRNA V4 metabarcoding sample of Oreochromis aureus Fish skin swab collected from Israel:Jordan River, North of Sea of Galilee	Israel:Jordan River, North of Sea of Galilee	2-Nov-2017	16 rRNA V4 metabarcoding sample of Oreochromis aureus Fish skin swab collected from Israel:Jordan River, North of Sea of Galilee	Bacteria	Fish skin swab	33.1470 N 35.6287 E	J.1
AS213	Oreochromis aureus	biological replicate 4	16 rRNA V4 metabarcoding sample of Oreochromis aureus Fish skin swab collected from Israel:Jordan River, North of Sea of Galilee	Israel:Jordan River, North of Sea of Galilee	2-Nov-2017	16 rRNA V4 metabarcoding sample of Oreochromis aureus Fish skin swab collected from Israel:Jordan River, North of Sea of Galilee	Bacteria	Fish skin swab	33.1470 N 35.6287 E	J.1
AS209	Coptodon zillii	biological replicate 1	16 rRNA V4 metabarcoding sample of Coptodon zillii Fish skin swab collected from Israel:Jordan River, North of Sea of Galilee	Israel:Jordan River, North of Sea of Galilee	2-Nov-2017	16 rRNA V4 metabarcoding sample of Coptodon zillii Fish skin swab collected from Israel:Jordan River, North of Sea of Galilee	Bacteria	Fish skin swab	33.1470 N 35.6287 E	J.1
AS218	Carasobarbus canis	biological replicate 1	16 rRNA V4 metabarcoding sample of Carasobarbus canis Fish skin swab collected from Israel:Jordan River, North of Sea of Galilee	Israel:Jordan River, North of Sea of Galilee	2-Nov-2017	16 rRNA V4 metabarcoding sample of Carasobarbus canis Fish skin swab collected from Israel:Jordan River, North of Sea of Galilee	Bacteria	Fish skin swab	33.1470 N 35.6287 E	J.1
AS219	Carasobarbus canis	biological replicate 2	16 rRNA V4 metabarcoding sample of Carasobarbus canis Fish skin swab collected from Israel:Jordan River, North of Sea of Galilee	Israel:Jordan River, North of Sea of Galilee	2-Nov-2017	16 rRNA V4 metabarcoding sample of Carasobarbus canis Fish skin swab collected from Israel:Jordan River, North of Sea of Galilee	Bacteria	Fish skin swab	33.1470 N 35.6287 E	J.1
AS220	Carasobarbus canis	biological replicate 3	16 rRNA V4 metabarcoding sample of Carasobarbus canis Fish skin swab collected from Israel:Jordan River, North of Sea of Galilee	Israel:Jordan River, North of Sea of Galilee	2-Nov-2017	16 rRNA V4 metabarcoding sample of Carasobarbus canis Fish skin swab collected from Israel:Jordan River, North of Sea of Galilee	Bacteria	Fish skin swab	33.1470 N 35.6287 E	J.1
AS221	Carasobarbus canis	biological replicate 4	16 rRNA V4 metabarcoding sample of Carasobarbus canis Fish skin swab collected from Israel:Jordan River, North of Sea of Galilee	Israel:Jordan River, North of Sea of Galilee	2-Nov-2017	16 rRNA V4 metabarcoding sample of Carasobarbus canis Fish skin swab collected from Israel:Jordan River, North of Sea of Galilee	Bacteria	Fish skin swab	33.1470 N 35.6287 E	J.1
AS222	Acanthobrama lissneri	biological replicate 1	16 rRNA V4 metabarcoding sample of Acanthobrama lissneri Fish skin swab collected from Israel:Jordan River, North of Sea of Galilee	Israel:Jordan River, North of Sea of Galilee	2-Nov-2017	16 rRNA V4 metabarcoding sample of Acanthobrama lissneri Fish skin swab collected from Israel:Jordan River, North of Sea of Galilee	Bacteria	Fish skin swab	33.1470 N 35.6287 E	J.1
AS223	Acanthobrama lissneri	biological replicate 2	16 rRNA V4 metabarcoding sample of Acanthobrama lissneri Fish skin swab collected from Israel:Jordan River, North of Sea of Galilee	Israel:Jordan River, North of Sea of Galilee	2-Nov-2017	16 rRNA V4 metabarcoding sample of Acanthobrama lissneri Fish skin swab collected from Israel:Jordan River, North of Sea of Galilee	Bacteria	Fish skin swab	33.1470 N 35.6287 E	J.1
AS224	Acanthobrama lissneri	biological replicate 3	16 rRNA V4 metabarcoding sample of Acanthobrama lissneri Fish skin swab collected from Israel:Jordan River, North of Sea of Galilee	Israel:Jordan River, North of Sea of Galilee	2-Nov-2017	16 rRNA V4 metabarcoding sample of Acanthobrama lissneri Fish skin swab collected from Israel:Jordan River, North of Sea of Galilee	Bacteria	Fish skin swab	33.1470 N 35.6287 E	J.1
AS225	Acanthobrama lissneri	biological replicate 4	16 rRNA V4 metabarcoding sample of Acanthobrama lissneri Fish skin swab collected from Israel:Jordan River, North of Sea of Galilee	Israel:Jordan River, North of Sea of Galilee	2-Nov-2017	16 rRNA V4 metabarcoding sample of Acanthobrama lissneri Fish skin swab collected from Israel:Jordan River, North of Sea of Galilee	Bacteria	Fish skin swab	33.1470 N 35.6287 E	J.1
AS138	Capoeta damascina	biological replicate 1	16 rRNA V4 metabarcoding sample of Capoeta damascina Fish skin swab collected from Israel:Hermon Stream	Israel:Hermon Stream	31-Aug-2017	16 rRNA V4 metabarcoding sample of Capoeta damascina Fish skin swab collected from Israel:Hermon Stream	Bacteria	Fish skin swab	33.2175 N 35.6469 E	H.0.6
AS139	Capoeta damascina	biological replicate 2	16 rRNA V4 metabarcoding sample of Capoeta damascina Fish skin swab collected from Israel:Hermon Stream	Israel:Hermon Stream	31-Aug-2017	16 rRNA V4 metabarcoding sample of Capoeta damascina Fish skin swab collected from Israel:Hermon Stream	Bacteria	Fish skin swab	33.2175 N 35.6469 E	H.0.6
AS140	Capoeta damascina	biological replicate 3	16 rRNA V4 metabarcoding sample of Capoeta damascina Fish skin swab collected from Israel:Hermon Stream	Israel:Hermon Stream	31-Aug-2017	16 rRNA V4 metabarcoding sample of Capoeta damascina Fish skin swab collected from Israel:Hermon Stream	Bacteria	Fish skin swab	33.2175 N 35.6469 E	H.0.6
AS136	Carasobarbus canis	biological replicate 1	16 rRNA V4 metabarcoding sample of Carasobarbus canis Fish skin swab collected from Israel:Hermon Stream	Israel:Hermon Stream	31-Aug-2017	16 rRNA V4 metabarcoding sample of Carasobarbus canis Fish skin swab collected from Israel:Hermon Stream	Bacteria	Fish skin swab	33.2175 N 35.6469 E	H.0.6
AS137	Carasobarbus canis	biological replicate 2	16 rRNA V4 metabarcoding sample of Carasobarbus canis Fish skin swab collected from Israel:Hermon Stream	Israel:Hermon Stream	31-Aug-2017	16 rRNA V4 metabarcoding sample of Carasobarbus canis Fish skin swab collected from Israel:Hermon Stream	Bacteria	Fish skin swab	33.2175 N 35.6469 E	H.0.6
AS135BC21			16 rRNA V4 metabarcoding sample of  Water collected from Israel:Hermon Stream	Israel:Hermon Stream	31-Aug-2017	16 rRNA V4 metabarcoding sample of  Water collected from Israel:Hermon Stream	Bacteria	Water	33.2175 N 35.6469 E	H.0.6
AS172	Capoeta damascina	biological replicate 1	16 rRNA V4 metabarcoding sample of Capoeta damascina Fish skin swab collected from Israel:Snir Stream	Israel:Snir Stream	1-Oct-2017	16 rRNA V4 metabarcoding sample of Capoeta damascina Fish skin swab collected from Israel:Snir Stream	Bacteria	Fish skin swab	33.2308 N 35.6208 E	S.2
AS173	Capoeta damascina	biological replicate 2	16 rRNA V4 metabarcoding sample of Capoeta damascina Fish skin swab collected from Israel:Snir Stream	Israel:Snir Stream	1-Oct-2017	16 rRNA V4 metabarcoding sample of Capoeta damascina Fish skin swab collected from Israel:Snir Stream	Bacteria	Fish skin swab	33.2308 N 35.6208 E	S.2
AS174	Capoeta damascina	biological replicate 3	16 rRNA V4 metabarcoding sample of Capoeta damascina Fish skin swab collected from Israel:Snir Stream	Israel:Snir Stream	1-Oct-2017	16 rRNA V4 metabarcoding sample of Capoeta damascina Fish skin swab collected from Israel:Snir Stream	Bacteria	Fish skin swab	33.2308 N 35.6208 E	S.2
AS175	Capoeta damascina	biological replicate 4	16 rRNA V4 metabarcoding sample of Capoeta damascina Fish skin swab collected from Israel:Snir Stream	Israel:Snir Stream	1-Oct-2017	16 rRNA V4 metabarcoding sample of Capoeta damascina Fish skin swab collected from Israel:Snir Stream	Bacteria	Fish skin swab	33.2308 N 35.6208 E	S.2
AS176	Capoeta damascina	biological replicate 5	16 rRNA V4 metabarcoding sample of Capoeta damascina Fish skin swab collected from Israel:Snir Stream	Israel:Snir Stream	1-Oct-2017	16 rRNA V4 metabarcoding sample of Capoeta damascina Fish skin swab collected from Israel:Snir Stream	Bacteria	Fish skin swab	33.2308 N 35.6208 E	S.2
AS167	Garra rufa	biological replicate 1	16 rRNA V4 metabarcoding sample of Garra rufa Fish skin swab collected from Israel:Snir Stream	Israel:Snir Stream	1-Oct-2017	16 rRNA V4 metabarcoding sample of Garra rufa Fish skin swab collected from Israel:Snir Stream	Bacteria	Fish skin swab	33.2308 N 35.6208 E	S.2
AS168	Garra rufa	biological replicate 2	16 rRNA V4 metabarcoding sample of Garra rufa Fish skin swab collected from Israel:Snir Stream	Israel:Snir Stream	1-Oct-2017	16 rRNA V4 metabarcoding sample of Garra rufa Fish skin swab collected from Israel:Snir Stream	Bacteria	Fish skin swab	33.2308 N 35.6208 E	S.2
AS169	Garra rufa	biological replicate 3	16 rRNA V4 metabarcoding sample of Garra rufa Fish skin swab collected from Israel:Snir Stream	Israel:Snir Stream	1-Oct-2017	16 rRNA V4 metabarcoding sample of Garra rufa Fish skin swab collected from Israel:Snir Stream	Bacteria	Fish skin swab	33.2308 N 35.6208 E	S.2
AS170	Garra rufa	biological replicate 4	16 rRNA V4 metabarcoding sample of Garra rufa Fish skin swab collected from Israel:Snir Stream	Israel:Snir Stream	1-Oct-2017	16 rRNA V4 metabarcoding sample of Garra rufa Fish skin swab collected from Israel:Snir Stream	Bacteria	Fish skin swab	33.2308 N 35.6208 E	S.2
AS171	Garra rufa	biological replicate 5	16 rRNA V4 metabarcoding sample of Garra rufa Fish skin swab collected from Israel:Snir Stream	Israel:Snir Stream	1-Oct-2017	16 rRNA V4 metabarcoding sample of Garra rufa Fish skin swab collected from Israel:Snir Stream	Bacteria	Fish skin swab	33.2308 N 35.6208 E	S.2
AS165	Acanthobrama lissneri	biological replicate 1	16 rRNA V4 metabarcoding sample of Acanthobrama lissneri Fish skin swab collected from Israel:Snir Stream	Israel:Snir Stream	1-Oct-2017	16 rRNA V4 metabarcoding sample of Acanthobrama lissneri Fish skin swab collected from Israel:Snir Stream	Bacteria	Fish skin swab	33.2308 N 35.6208 E	S.2
AS166	Acanthobrama lissneri	biological replicate 2	16 rRNA V4 metabarcoding sample of Acanthobrama lissneri Fish skin swab collected from Israel:Snir Stream	Israel:Snir Stream	1-Oct-2017	16 rRNA V4 metabarcoding sample of Acanthobrama lissneri Fish skin swab collected from Israel:Snir Stream	Bacteria	Fish skin swab	33.2308 N 35.6208 E	S.2
AS164	Carasobarbus canis	biological replicate 1	16 rRNA V4 metabarcoding sample of Carasobarbus canis Fish skin swab collected from Israel:Snir Stream	Israel:Snir Stream	1-Oct-2017	16 rRNA V4 metabarcoding sample of Carasobarbus canis Fish skin swab collected from Israel:Snir Stream	Bacteria	Fish skin swab	33.2308 N 35.6208 E	S.2
AS177	Oxynoemacheilus insignis	biological replicate 1	16 rRNA V4 metabarcoding sample of Oxynoemacheilus insignis Fish skin swab collected from Israel:Snir Stream	Israel:Snir Stream	1-Oct-2017	16 rRNA V4 metabarcoding sample of Oxynoemacheilus insignis Fish skin swab collected from Israel:Snir Stream	Bacteria	Fish skin swab	33.2308 N 35.6208 E	S.2
AS178	Oxynoemacheilus insignis	biological replicate 2	16 rRNA V4 metabarcoding sample of Oxynoemacheilus insignis Fish skin swab collected from Israel:Snir Stream	Israel:Snir Stream	1-Oct-2017	16 rRNA V4 metabarcoding sample of Oxynoemacheilus insignis Fish skin swab collected from Israel:Snir Stream	Bacteria	Fish skin swab	33.2308 N 35.6208 E	S.2
AS179	Oxynoemacheilus insignis	biological replicate 3	16 rRNA V4 metabarcoding sample of Oxynoemacheilus insignis Fish skin swab collected from Israel:Snir Stream	Israel:Snir Stream	1-Oct-2017	16 rRNA V4 metabarcoding sample of Oxynoemacheilus insignis Fish skin swab collected from Israel:Snir Stream	Bacteria	Fish skin swab	33.2308 N 35.6208 E	S.2
AS180	Oxynoemacheilus insignis	biological replicate 4	16 rRNA V4 metabarcoding sample of Oxynoemacheilus insignis Fish skin swab collected from Israel:Snir Stream	Israel:Snir Stream	1-Oct-2017	16 rRNA V4 metabarcoding sample of Oxynoemacheilus insignis Fish skin swab collected from Israel:Snir Stream	Bacteria	Fish skin swab	33.2308 N 35.6208 E	S.2
AS181	Oxynoemacheilus insignis	biological replicate 5	16 rRNA V4 metabarcoding sample of Oxynoemacheilus insignis Fish skin swab collected from Israel:Snir Stream	Israel:Snir Stream	1-Oct-2017	16 rRNA V4 metabarcoding sample of Oxynoemacheilus insignis Fish skin swab collected from Israel:Snir Stream	Bacteria	Fish skin swab	33.2308 N 35.6208 E	S.2
AS182	Oxynoemacheilus insignis	biological replicate 6	16 rRNA V4 metabarcoding sample of Oxynoemacheilus insignis Fish skin swab collected from Israel:Snir Stream	Israel:Snir Stream	1-Oct-2017	16 rRNA V4 metabarcoding sample of Oxynoemacheilus insignis Fish skin swab collected from Israel:Snir Stream	Bacteria	Fish skin swab	33.2308 N 35.6208 E	S.2
AS183	Oxynoemacheilus insignis	biological replicate 7	16 rRNA V4 metabarcoding sample of Oxynoemacheilus insignis Fish skin swab collected from Israel:Snir Stream	Israel:Snir Stream	1-Oct-2017	16 rRNA V4 metabarcoding sample of Oxynoemacheilus insignis Fish skin swab collected from Israel:Snir Stream	Bacteria	Fish skin swab	33.2308 N 35.6208 E	S.2
AS147BC23			16 rRNA V4 metabarcoding sample of  Water collected from Israel:Snir Stream	Israel:Snir Stream	1-Oct-2017	16 rRNA V4 metabarcoding sample of  Water collected from Israel:Snir Stream	Bacteria	Water	33.2308 N 35.6208 E	S.2
AS149	Capoeta damascina	biological replicate 1	16 rRNA V4 metabarcoding sample of Capoeta damascina Fish skin swab collected from Israel:Snir Stream	Israel:Snir Stream	1-Oct-2017	16 rRNA V4 metabarcoding sample of Capoeta damascina Fish skin swab collected from Israel:Snir Stream	Bacteria	Fish skin swab	33.2411 N 35.6249 E	S.1
AS150	Capoeta damascina	biological replicate 2	16 rRNA V4 metabarcoding sample of Capoeta damascina Fish skin swab collected from Israel:Snir Stream	Israel:Snir Stream	1-Oct-2017	16 rRNA V4 metabarcoding sample of Capoeta damascina Fish skin swab collected from Israel:Snir Stream	Bacteria	Fish skin swab	33.2411 N 35.6249 E	S.1
AS151	Capoeta damascina	biological replicate 3	16 rRNA V4 metabarcoding sample of Capoeta damascina Fish skin swab collected from Israel:Snir Stream	Israel:Snir Stream	1-Oct-2017	16 rRNA V4 metabarcoding sample of Capoeta damascina Fish skin swab collected from Israel:Snir Stream	Bacteria	Fish skin swab	33.2411 N 35.6249 E	S.1
AS152	Capoeta damascina	biological replicate 4	16 rRNA V4 metabarcoding sample of Capoeta damascina Fish skin swab collected from Israel:Snir Stream	Israel:Snir Stream	1-Oct-2017	16 rRNA V4 metabarcoding sample of Capoeta damascina Fish skin swab collected from Israel:Snir Stream	Bacteria	Fish skin swab	33.2411 N 35.6249 E	S.1
AS153	Capoeta damascina	biological replicate 5	16 rRNA V4 metabarcoding sample of Capoeta damascina Fish skin swab collected from Israel:Snir Stream	Israel:Snir Stream	1-Oct-2017	16 rRNA V4 metabarcoding sample of Capoeta damascina Fish skin swab collected from Israel:Snir Stream	Bacteria	Fish skin swab	33.2411 N 35.6249 E	S.1
AS154	Garra rufa	biological replicate 1	16 rRNA V4 metabarcoding sample of Garra rufa Fish skin swab collected from Israel:Snir Stream	Israel:Snir Stream	1-Oct-2017	16 rRNA V4 metabarcoding sample of Garra rufa Fish skin swab collected from Israel:Snir Stream	Bacteria	Fish skin swab	33.2411 N 35.6249 E	S.1
AS155	Garra rufa	biological replicate 2	16 rRNA V4 metabarcoding sample of Garra rufa Fish skin swab collected from Israel:Snir Stream	Israel:Snir Stream	1-Oct-2017	16 rRNA V4 metabarcoding sample of Garra rufa Fish skin swab collected from Israel:Snir Stream	Bacteria	Fish skin swab	33.2411 N 35.6249 E	S.1
AS156	Garra rufa	biological replicate 3	16 rRNA V4 metabarcoding sample of Garra rufa Fish skin swab collected from Israel:Snir Stream	Israel:Snir Stream	1-Oct-2017	16 rRNA V4 metabarcoding sample of Garra rufa Fish skin swab collected from Israel:Snir Stream	Bacteria	Fish skin swab	33.2411 N 35.6249 E	S.1
AS157	Garra rufa	biological replicate 4	16 rRNA V4 metabarcoding sample of Garra rufa Fish skin swab collected from Israel:Snir Stream	Israel:Snir Stream	1-Oct-2017	16 rRNA V4 metabarcoding sample of Garra rufa Fish skin swab collected from Israel:Snir Stream	Bacteria	Fish skin swab	33.2411 N 35.6249 E	S.1
AS159	Carasobarbus canis	biological replicate 1	16 rRNA V4 metabarcoding sample of Carasobarbus canis Fish skin swab collected from Israel:Snir Stream	Israel:Snir Stream	1-Oct-2017	16 rRNA V4 metabarcoding sample of Carasobarbus canis Fish skin swab collected from Israel:Snir Stream	Bacteria	Fish skin swab	33.2411 N 35.6249 E	S.1
AS160	Carasobarbus canis	biological replicate 2	16 rRNA V4 metabarcoding sample of Carasobarbus canis Fish skin swab collected from Israel:Snir Stream	Israel:Snir Stream	1-Oct-2017	16 rRNA V4 metabarcoding sample of Carasobarbus canis Fish skin swab collected from Israel:Snir Stream	Bacteria	Fish skin swab	33.2411 N 35.6249 E	S.1
AS161	Carasobarbus canis	biological replicate 3	16 rRNA V4 metabarcoding sample of Carasobarbus canis Fish skin swab collected from Israel:Snir Stream	Israel:Snir Stream	1-Oct-2017	16 rRNA V4 metabarcoding sample of Carasobarbus canis Fish skin swab collected from Israel:Snir Stream	Bacteria	Fish skin swab	33.2411 N 35.6249 E	S.1
AS162	Carasobarbus canis	biological replicate 4	16 rRNA V4 metabarcoding sample of Carasobarbus canis Fish skin swab collected from Israel:Snir Stream	Israel:Snir Stream	1-Oct-2017	16 rRNA V4 metabarcoding sample of Carasobarbus canis Fish skin swab collected from Israel:Snir Stream	Bacteria	Fish skin swab	33.2411 N 35.6249 E	S.1
AS163	Carasobarbus canis	biological replicate 5	16 rRNA V4 metabarcoding sample of Carasobarbus canis Fish skin swab collected from Israel:Snir Stream	Israel:Snir Stream	1-Oct-2017	16 rRNA V4 metabarcoding sample of Carasobarbus canis Fish skin swab collected from Israel:Snir Stream	Bacteria	Fish skin swab	33.2411 N 35.6249 E	S.1
AS158	Barbus longiceps	biological replicate 1	16 rRNA V4 metabarcoding sample of Barbus longiceps Fish skin swab collected from Israel:Snir Stream	Israel:Snir Stream	1-Oct-2017	16 rRNA V4 metabarcoding sample of Barbus longiceps Fish skin swab collected from Israel:Snir Stream	Bacteria	Fish skin swab	33.2411 N 35.6249 E	S.1
AS146BC22			16 rRNA V4 metabarcoding sample of  Water collected from Israel:Snir Stream	Israel:Snir Stream	1-Oct-2017	16 rRNA V4 metabarcoding sample of  Water collected from Israel:Snir Stream	Bacteria	Water	33.2411 N 35.6249 E	S.1
AS192	Capoeta damascina	biological replicate 1	16 rRNA V4 metabarcoding sample of Capoeta damascina Fish skin swab collected from Israel:Snir Stream	Israel:Snir Stream	1-Oct-2017	16 rRNA V4 metabarcoding sample of Capoeta damascina Fish skin swab collected from Israel:Snir Stream	Bacteria	Fish skin swab	33.2298 N 35.6178 E	S.3
AS193	Capoeta damascina	biological replicate 2	16 rRNA V4 metabarcoding sample of Capoeta damascina Fish skin swab collected from Israel:Snir Stream	Israel:Snir Stream	1-Oct-2017	16 rRNA V4 metabarcoding sample of Capoeta damascina Fish skin swab collected from Israel:Snir Stream	Bacteria	Fish skin swab	33.2298 N 35.6178 E	S.3
AS194	Capoeta damascina	biological replicate 3	16 rRNA V4 metabarcoding sample of Capoeta damascina Fish skin swab collected from Israel:Snir Stream	Israel:Snir Stream	1-Oct-2017	16 rRNA V4 metabarcoding sample of Capoeta damascina Fish skin swab collected from Israel:Snir Stream	Bacteria	Fish skin swab	33.2298 N 35.6178 E	S.3
AS195	Capoeta damascina	biological replicate 4	16 rRNA V4 metabarcoding sample of Capoeta damascina Fish skin swab collected from Israel:Snir Stream	Israel:Snir Stream	1-Oct-2017	16 rRNA V4 metabarcoding sample of Capoeta damascina Fish skin swab collected from Israel:Snir Stream	Bacteria	Fish skin swab	33.2298 N 35.6178 E	S.3
AS196	Capoeta damascina	biological replicate 5	16 rRNA V4 metabarcoding sample of Capoeta damascina Fish skin swab collected from Israel:Snir Stream	Israel:Snir Stream	1-Oct-2017	16 rRNA V4 metabarcoding sample of Capoeta damascina Fish skin swab collected from Israel:Snir Stream	Bacteria	Fish skin swab	33.2298 N 35.6178 E	S.3
AS184	Acanthobrama lissneri	biological replicate 1	16 rRNA V4 metabarcoding sample of Acanthobrama lissneri Fish skin swab collected from Israel:Snir Stream	Israel:Snir Stream	1-Oct-2017	16 rRNA V4 metabarcoding sample of Acanthobrama lissneri Fish skin swab collected from Israel:Snir Stream	Bacteria	Fish skin swab	33.2298 N 35.6178 E	S.3
AS185	Acanthobrama lissneri	biological replicate 2	16 rRNA V4 metabarcoding sample of Acanthobrama lissneri Fish skin swab collected from Israel:Snir Stream	Israel:Snir Stream	1-Oct-2017	16 rRNA V4 metabarcoding sample of Acanthobrama lissneri Fish skin swab collected from Israel:Snir Stream	Bacteria	Fish skin swab	33.2298 N 35.6178 E	S.3
AS186	Carasobarbus canis	biological replicate 1	16 rRNA V4 metabarcoding sample of Carasobarbus canis Fish skin swab collected from Israel:Snir Stream	Israel:Snir Stream	1-Oct-2017	16 rRNA V4 metabarcoding sample of Carasobarbus canis Fish skin swab collected from Israel:Snir Stream	Bacteria	Fish skin swab	33.2298 N 35.6178 E	S.3
AS187	Carasobarbus canis	biological replicate 2	16 rRNA V4 metabarcoding sample of Carasobarbus canis Fish skin swab collected from Israel:Snir Stream	Israel:Snir Stream	1-Oct-2017	16 rRNA V4 metabarcoding sample of Carasobarbus canis Fish skin swab collected from Israel:Snir Stream	Bacteria	Fish skin swab	33.2298 N 35.6178 E	S.3
AS188	Carasobarbus canis	biological replicate 3	16 rRNA V4 metabarcoding sample of Carasobarbus canis Fish skin swab collected from Israel:Snir Stream	Israel:Snir Stream	1-Oct-2017	16 rRNA V4 metabarcoding sample of Carasobarbus canis Fish skin swab collected from Israel:Snir Stream	Bacteria	Fish skin swab	33.2298 N 35.6178 E	S.3
AS189	Barbus longiceps	biological replicate 1	16 rRNA V4 metabarcoding sample of Barbus longiceps Fish skin swab collected from Israel:Snir Stream	Israel:Snir Stream	1-Oct-2017	16 rRNA V4 metabarcoding sample of Barbus longiceps Fish skin swab collected from Israel:Snir Stream	Bacteria	Fish skin swab	33.2298 N 35.6178 E	S.3
AS190	Barbus longiceps	biological replicate 2	16 rRNA V4 metabarcoding sample of Barbus longiceps Fish skin swab collected from Israel:Snir Stream	Israel:Snir Stream	1-Oct-2017	16 rRNA V4 metabarcoding sample of Barbus longiceps Fish skin swab collected from Israel:Snir Stream	Bacteria	Fish skin swab	33.2298 N 35.6178 E	S.3
AS191	Barbus longiceps	biological replicate 3	16 rRNA V4 metabarcoding sample of Barbus longiceps Fish skin swab collected from Israel:Snir Stream	Israel:Snir Stream	1-Oct-2017	16 rRNA V4 metabarcoding sample of Barbus longiceps Fish skin swab collected from Israel:Snir Stream	Bacteria	Fish skin swab	33.2298 N 35.6178 E	S.3
AS148BC24			16 rRNA V4 metabarcoding sample of  Water collected from Israel:Snir Stream	Israel:Snir Stream	1-Oct-2017	16 rRNA V4 metabarcoding sample of  Water collected from Israel:Snir Stream	Bacteria	Water	33.2298 N 35.6178 E	S.3
AS122	Capoeta damascina	biological replicate 1	16 rRNA V4 metabarcoding sample of Capoeta damascina Fish skin swab collected from Israel:Hermon Stream	Israel:Hermon Stream	31-Aug-2017	16 rRNA V4 metabarcoding sample of Capoeta damascina Fish skin swab collected from Israel:Hermon Stream	Bacteria	Fish skin swab	33.2456 N 35.6892 E	H.0.4
AS123	Capoeta damascina	biological replicate 2	16 rRNA V4 metabarcoding sample of Capoeta damascina Fish skin swab collected from Israel:Hermon Stream	Israel:Hermon Stream	31-Aug-2017	16 rRNA V4 metabarcoding sample of Capoeta damascina Fish skin swab collected from Israel:Hermon Stream	Bacteria	Fish skin swab	33.2456 N 35.6892 E	H.0.4
AS124	Capoeta damascina	biological replicate 3	16 rRNA V4 metabarcoding sample of Capoeta damascina Fish skin swab collected from Israel:Hermon Stream	Israel:Hermon Stream	31-Aug-2017	16 rRNA V4 metabarcoding sample of Capoeta damascina Fish skin swab collected from Israel:Hermon Stream	Bacteria	Fish skin swab	33.2456 N 35.6892 E	H.0.4
AS125	Capoeta damascina	biological replicate 4	16 rRNA V4 metabarcoding sample of Capoeta damascina Fish skin swab collected from Israel:Hermon Stream	Israel:Hermon Stream	31-Aug-2017	16 rRNA V4 metabarcoding sample of Capoeta damascina Fish skin swab collected from Israel:Hermon Stream	Bacteria	Fish skin swab	33.2456 N 35.6892 E	H.0.4
AS119	Oxynoemacheilus insignis	biological replicate 1	16 rRNA V4 metabarcoding sample of Oxynoemacheilus insignis Fish skin swab collected from Israel:Hermon Stream	Israel:Hermon Stream	31-Aug-2017	16 rRNA V4 metabarcoding sample of Oxynoemacheilus insignis Fish skin swab collected from Israel:Hermon Stream	Bacteria	Fish skin swab	33.2456 N 35.6892 E	H.0.4
AS120	Oxynoemacheilus insignis	biological replicate 2	16 rRNA V4 metabarcoding sample of Oxynoemacheilus insignis Fish skin swab collected from Israel:Hermon Stream	Israel:Hermon Stream	31-Aug-2017	16 rRNA V4 metabarcoding sample of Oxynoemacheilus insignis Fish skin swab collected from Israel:Hermon Stream	Bacteria	Fish skin swab	33.2456 N 35.6892 E	H.0.4
AS121	Oxynoemacheilus insignis	biological replicate 3	16 rRNA V4 metabarcoding sample of Oxynoemacheilus insignis Fish skin swab collected from Israel:Hermon Stream	Israel:Hermon Stream	31-Aug-2017	16 rRNA V4 metabarcoding sample of Oxynoemacheilus insignis Fish skin swab collected from Israel:Hermon Stream	Bacteria	Fish skin swab	33.2456 N 35.6892 E	H.0.4
AS118BC19			16 rRNA V4 metabarcoding sample of  Water collected from Israel:Hermon Stream	Israel:Hermon Stream	31-Aug-2017	16 rRNA V4 metabarcoding sample of  Water collected from Israel:Hermon Stream	Bacteria	Water	33.2456 N 35.6892 E	H.0.4
AS58	Gambusia affinis	biological replicate 1	16 rRNA V4 metabarcoding sample of Gambusia affinis Fish skin swab collected from Israel:Tel Saharonim	Israel:Tel Saharonim	14-Aug-2017	16 rRNA V4 metabarcoding sample of Gambusia affinis Fish skin swab collected from Israel:Tel Saharonim	Bacteria	Fish skin swab	32.4501 N 35.5491 E	T.1
AS59	Gambusia affinis	biological replicate 2	16 rRNA V4 metabarcoding sample of Gambusia affinis Fish skin swab collected from Israel:Tel Saharonim	Israel:Tel Saharonim	14-Aug-2017	16 rRNA V4 metabarcoding sample of Gambusia affinis Fish skin swab collected from Israel:Tel Saharonim	Bacteria	Fish skin swab	32.4501 N 35.5491 E	T.1
AS60	Gambusia affinis	biological replicate 3	16 rRNA V4 metabarcoding sample of Gambusia affinis Fish skin swab collected from Israel:Tel Saharonim	Israel:Tel Saharonim	14-Aug-2017	16 rRNA V4 metabarcoding sample of Gambusia affinis Fish skin swab collected from Israel:Tel Saharonim	Bacteria	Fish skin swab	32.4501 N 35.5491 E	T.1
AS61	Gambusia affinis	biological replicate 4	16 rRNA V4 metabarcoding sample of Gambusia affinis Fish skin swab collected from Israel:Tel Saharonim	Israel:Tel Saharonim	14-Aug-2017	16 rRNA V4 metabarcoding sample of Gambusia affinis Fish skin swab collected from Israel:Tel Saharonim	Bacteria	Fish skin swab	32.4501 N 35.5491 E	T.1
AS62	Gambusia affinis	biological replicate 5	16 rRNA V4 metabarcoding sample of Gambusia affinis Fish skin swab collected from Israel:Tel Saharonim	Israel:Tel Saharonim	14-Aug-2017	16 rRNA V4 metabarcoding sample of Gambusia affinis Fish skin swab collected from Israel:Tel Saharonim	Bacteria	Fish skin swab	32.4501 N 35.5491 E	T.1
AS94BC14			16 rRNA V4 metabarcoding sample of  Water collected from Israel:Tel Saharonim	Israel:Tel Saharonim	14-Aug-2017	16 rRNA V4 metabarcoding sample of  Water collected from Israel:Tel Saharonim	Bacteria	Water	32.4501 N 35.5491 E	T.1
AS70	Oreochromis	biological replicate 1	16 rRNA V4 metabarcoding sample of Oreochromis Fish skin swab collected from Israel:Tel Saharonim	Israel:Tel Saharonim	14-Aug-2017	16 rRNA V4 metabarcoding sample of Oreochromis Fish skin swab collected from Israel:Tel Saharonim	Bacteria	Fish skin swab	32.4501 N 35.5491 E	T.2
AS71	Oreochromis	biological replicate 2	16 rRNA V4 metabarcoding sample of Oreochromis Fish skin swab collected from Israel:Tel Saharonim	Israel:Tel Saharonim	14-Aug-2017	16 rRNA V4 metabarcoding sample of Oreochromis Fish skin swab collected from Israel:Tel Saharonim	Bacteria	Fish skin swab	32.4501 N 35.5491 E	T.2
AS72	Oreochromis	biological replicate 3	16 rRNA V4 metabarcoding sample of Oreochromis Fish skin swab collected from Israel:Tel Saharonim	Israel:Tel Saharonim	14-Aug-2017	16 rRNA V4 metabarcoding sample of Oreochromis Fish skin swab collected from Israel:Tel Saharonim	Bacteria	Fish skin swab	32.4501 N 35.5491 E	T.2
AS73	Oreochromis	biological replicate 4	16 rRNA V4 metabarcoding sample of Oreochromis Fish skin swab collected from Israel:Tel Saharonim	Israel:Tel Saharonim	14-Aug-2017	16 rRNA V4 metabarcoding sample of Oreochromis Fish skin swab collected from Israel:Tel Saharonim	Bacteria	Fish skin swab	32.4501 N 35.5491 E	T.2
AS68	Coptodon zillii	biological replicate 1	16 rRNA V4 metabarcoding sample of Coptodon zillii Fish skin swab collected from Israel:Tel Saharonim	Israel:Tel Saharonim	14-Aug-2017	16 rRNA V4 metabarcoding sample of Coptodon zillii Fish skin swab collected from Israel:Tel Saharonim	Bacteria	Fish skin swab	32.4501 N 35.5491 E	T.2
AS69	Coptodon zillii	biological replicate 2	16 rRNA V4 metabarcoding sample of Coptodon zillii Fish skin swab collected from Israel:Tel Saharonim	Israel:Tel Saharonim	14-Aug-2017	16 rRNA V4 metabarcoding sample of Coptodon zillii Fish skin swab collected from Israel:Tel Saharonim	Bacteria	Fish skin swab	32.4501 N 35.5491 E	T.2
AS67	Coptodon zillii	biological replicate 3	16 rRNA V4 metabarcoding sample of Coptodon zillii Fish skin swab collected from Israel:Tel Saharonim	Israel:Tel Saharonim	14-Aug-2017	16 rRNA V4 metabarcoding sample of Coptodon zillii Fish skin swab collected from Israel:Tel Saharonim	Bacteria	Fish skin swab	32.4501 N 35.5491 E	T.2
AS141	Oxynoemacheilus insignis	biological replicate 1	16 rRNA V4 metabarcoding sample of Oxynoemacheilus insignis Fish skin swab collected from Israel:Tel Saharonim	Israel:Tel Saharonim	14-Aug-2017	16 rRNA V4 metabarcoding sample of Oxynoemacheilus insignis Fish skin swab collected from Israel:Tel Saharonim	Bacteria	Fish skin swab	32.4501 N 35.5491 E	T.2
AS142	Oxynoemacheilus insignis	biological replicate 2	16 rRNA V4 metabarcoding sample of Oxynoemacheilus insignis Fish skin swab collected from Israel:Tel Saharonim	Israel:Tel Saharonim	14-Aug-2017	16 rRNA V4 metabarcoding sample of Oxynoemacheilus insignis Fish skin swab collected from Israel:Tel Saharonim	Bacteria	Fish skin swab	32.4501 N 35.5491 E	T.2
AS143	Oxynoemacheilus insignis	biological replicate 3	16 rRNA V4 metabarcoding sample of Oxynoemacheilus insignis Fish skin swab collected from Israel:Tel Saharonim	Israel:Tel Saharonim	14-Aug-2017	16 rRNA V4 metabarcoding sample of Oxynoemacheilus insignis Fish skin swab collected from Israel:Tel Saharonim	Bacteria	Fish skin swab	32.4501 N 35.5491 E	T.2
AS144	Oxynoemacheilus insignis	biological replicate 4	16 rRNA V4 metabarcoding sample of Oxynoemacheilus insignis Fish skin swab collected from Israel:Tel Saharonim	Israel:Tel Saharonim	14-Aug-2017	16 rRNA V4 metabarcoding sample of Oxynoemacheilus insignis Fish skin swab collected from Israel:Tel Saharonim	Bacteria	Fish skin swab	32.4501 N 35.5491 E	T.2
AS145	Oxynoemacheilus insignis	biological replicate 5	16 rRNA V4 metabarcoding sample of Oxynoemacheilus insignis Fish skin swab collected from Israel:Tel Saharonim	Israel:Tel Saharonim	14-Aug-2017	16 rRNA V4 metabarcoding sample of Oxynoemacheilus insignis Fish skin swab collected from Israel:Tel Saharonim	Bacteria	Fish skin swab	32.4501 N 35.5491 E	T.2
AS63	Sarotherodon  galilaeus	biological replicate 1	16 rRNA V4 metabarcoding sample of Sarotherodon  galilaeus Fish skin swab collected from Israel:Tel Saharonim	Israel:Tel Saharonim	14-Aug-2017	16 rRNA V4 metabarcoding sample of Sarotherodon  galilaeus Fish skin swab collected from Israel:Tel Saharonim	Bacteria	Fish skin swab	32.4501 N 35.5491 E	T.2
AS64	Sarotherodon  galilaeus	biological replicate 2	16 rRNA V4 metabarcoding sample of Sarotherodon  galilaeus Fish skin swab collected from Israel:Tel Saharonim	Israel:Tel Saharonim	14-Aug-2017	16 rRNA V4 metabarcoding sample of Sarotherodon  galilaeus Fish skin swab collected from Israel:Tel Saharonim	Bacteria	Fish skin swab	32.4501 N 35.5491 E	T.2
AS65	Sarotherodon  galilaeus	biological replicate 3	16 rRNA V4 metabarcoding sample of Sarotherodon  galilaeus Fish skin swab collected from Israel:Tel Saharonim	Israel:Tel Saharonim	14-Aug-2017	16 rRNA V4 metabarcoding sample of Sarotherodon  galilaeus Fish skin swab collected from Israel:Tel Saharonim	Bacteria	Fish skin swab	32.4501 N 35.5491 E	T.2
AS66	Sarotherodon  galilaeus	biological replicate 4	16 rRNA V4 metabarcoding sample of Sarotherodon  galilaeus Fish skin swab collected from Israel:Tel Saharonim	Israel:Tel Saharonim	14-Aug-2017	16 rRNA V4 metabarcoding sample of Sarotherodon  galilaeus Fish skin swab collected from Israel:Tel Saharonim	Bacteria	Fish skin swab	32.4501 N 35.5491 E	T.2
AS95BC15			16 rRNA V4 metabarcoding sample of  Water collected from Israel:Tel Saharonim	Israel:Tel Saharonim	14-Aug-2017	16 rRNA V4 metabarcoding sample of  Water collected from Israel:Tel Saharonim	Bacteria	Water	32.4501 N 35.5491 E	T.2
